,user,type,tgt
9,Test User 1601 ,MT,एक सियार और खरगोश सबसे अच्छे दोस्त थे 
10,Test User 1601 ,MT,एक दिन सियार की पत्नी बीमार थी । 
11,Test User 1601 ,MT,"सियार ने खरगोश को बुलाया और कहा , मेरी पत्नी बुखार है "
12,Test User 1601 ,MT,उसे कुछ भी खाने की इच्छा नहीं होती 
13,Test User 1601 ,MT,अब वह कहती है कि वह एक केकड़ा खा सकती है 
14,Test User 1601 ,MT,"खरगोश ने कहा , चलो , हम उसके लिए एक केकड़ा लाते हैं "
15,Test User 1601 ,MT,दोनों दोस्त निकल पड़े केकड़ा ढूँदने 
16,Test User 1601 ,MT,खरगोश एक दिशा में गया और सियार दूसरी दिशा में 
17,Test User 1601 ,MT,खरगोश ने जल्दी ही मिट्टी में एक छेद देखा  
18,Test User 1601 ,MT,उसने अंदर झाँका और देखा एक मोटा सा केकड़ा अंदर बैठा था 
19,Test User 1601 ,MT,"यह ठीक रहेगा, खरगोश ने सोचा "
20,Test User 1601 ,MT,उसने अपना हाथ छेद में धीरे से डाला जो की काफी गहरा था  
21,Test User 1601 ,MT,जब उसका हाथ केकड़े तक नहीं पहुंचा तो खरगोश ने अपनी पूंछ छेद में डाल दी । 
22,Test User 1601 ,MT,केकड़े ने उसकी पूंछ को ज़ोर से काटा और पकड़ लिया 
23,Test User 1601 ,MT,बेचारा खरगोश जोर से चिल्लाया 
24,Test User 1601 ,MT,सियार ने उसकी आवाज़ सुनी और भागता हुआ उसके पास आया । 
25,Test User 1601 ,MT,"खरगोश ने साँस ली , मुझे देखते मत रहो "
26,Test User 1601 ,MT,"मेरी दुम अंदर फँस गई है , मुझे बाहर खींचo"
27,Test User 1601 ,MT,सियार ने उसे कान से पकड़ लिया और अपनी सारी शक्ति के साथ उसे खींचा 
28,Test User 1601 ,MT,जब उसने पूंछ को हिलता देखा तो केकड़े ने खरगोश की पूंछ को फिर से काटा 
29,Test User 1601 ,MT,खरगोश दर्द के मारे चिल्लाया और कूद गया 
30,Test User 1601 ,MT,उसकी पूंछ कट गई और छेद में पीछे रह गयee
31,Test User 1601 ,MT,siyaar ke kheenchane ke baad uske kaan bahut lambe ho gaye the 
32,Test User 1601 ,MT,us din se khargosh ki poonch chhoti hai aur kaan lambe hain 
33,Test User 1601 ,MT,jab subah meri neend khuli to sooraj phir se chamak raha tha 
34,Test User 1601 ,MT,maine charon or dekha sochte hue ki main kahan hun 
35,Test User 1601 ,MT,aur phir mujhe yaad aaya 
36,Test User 1601 ,MT,"main ek chhota samudree kachhuaa tha, olive ridley - ek badi neeli duniya ke beech mein , jise maine sunaa tha ki mahasaagar kehte hain. "
37,Test User 1601 ,MT,"neela aur haraa paani har disha mein tha , aur sooraj badlon ke saath athkheliyaan khel raha tha "
38,Test User 1601 ,MT,maine apne pairon on apne shareer ke peeche kiya aur paani ke bahaav ke saath thodi der tairta raha 
39,Test User 1601 ,MT,mijhe nahin pata tha ki main kahan hun 
40,Test User 1601 ,MT,par jab tumhaara pet bhara ho aur sooraj chamak raha ho to isse koi farak nahin padta
41,Test User 1601 ,MT,sooraj ki roshni se mujhe garmaahat mili aur mujhme nayi oorja bhar gayi 
42,Test User 1601 ,MT,"jaise hee maine sochna shuru kiya ki main apnee poori zindagi yaheen par bita doonga , waise hee machhliyon kaa ek jhund mere paas se guzra"
43,Test User 1601 ,MT,unka peecha kar rahi thee ek bahut badi machhli
44,Test User 1601 ,MT,main bata sakta tha ki wah ek bahut hee bhookhi machhli hai 
45,Test User 1601 ,MT,mujhe dekhte hi uskee aankhen chamak uthee
46,Test User 1601 ,MT,"mmm, mano soch raha ho , chhote kachhue kaa soup"
47,Test User 1601 ,MT,कुछ ही क्षणon केे बाद मैं बहुत तेज़ी से tair raha tha . mere peeche bade bade daant mere peeche ke paanvon ko khaane ke liye daud jo rahe the 
48,Test User 1601 ,MT,जब मैं thakna shuru hua to maine ek samudree shaivaal ko dekha
49,Test User 1601 ,MT,"एक समुद्री शैवाल की naav ऐसी ही होती है , एक समुद्री शैवाल और लकड़ी का तैरने वाला एक टुकड़ा जो कि समुद्री बहाव के साथ महासागर में भ्रमण करता है "
50,Test User 1601 ,MT,बेड़े के अंदर और उपर बहुत से छोटे बड़े जीव हैं जो महासागर के आसपास कुछ होने की प्रतीक्षा में तैरते रहते हैं .
51,Test User 1601 ,MT,"भगवान की दया से , मैं बेड़े में फिसल कर गिर गया "
52,Test User 1601 ,MT,मैं इस सुरक्षित स्थान को कई वर्षों तक छोड़ नहीं पाया 
53,Test User 1601 ,MT,नाव पर होना ऐसा लगता था मानो विश्व भ्रमण पर जाना 
54,Test User 1601 ,MT,"मुझे बहुत अच्छा लगा , लेकिन जैसे मैं बड़ा हुआ , मैने यह तय कर लिया था की बेड़े के बाहर की बड़ी दुनिया की khoj kaa samay aa gaya hai "
55,Test User 1601 ,MT,मैंने एक ऐसे स्थान के बारे में अद्भुत बातें सुनी थीं जहाँ पर बहुत सारे अन्य कछुए रहते थे 
56,Test User 1601 ,MT,सभी ने कहा कि reef महासागर का पारीदेश था 
57,Test User 1601 ,MT,"उन्होंने कहा कि वह जगह सुंदर और चमकदार रंग के जानवरों से भरी हुई है , जैसे कि clown मछली जैसे हानीराहित और बिच्छू जैसे ज़हरीले जीव वहाँ रहते हैं ."
58,Test User 1601 ,MT,मैं सोचता था कि कैसे मैं इसे paunga
59,Test User 1601 ,PE,रात mein meri neend khultee hai. mujhe pyaas lag rahi hai 
60,Test User 1601 ,PE,मैं पानी lana chahta hun 
61,Test User 1601 ,PE,मैं अपनी chappalon को बिस्तर के नीचे dhhondane lagta हूँ
62,Test User 1601 ,PE,he bhagwaan !
63,Test User 1601 ,PE,मेरे बिस्तर ke neeche एक बाघ है
64,Test User 1601 ,PE,अब main क्या karun ?
65,Test User 1601 ,PE,क्या mujhe माँ को बुलाना चाहिए ?
66,Test User 1601 ,PE,kya ho agar baagh phir se dahaade ?
67,Test User 1601 ,PE,kya main waapas सो jaaun?
68,Test User 1601 ,PE,लेकिन mujhe ab नींद नहीं आ rahi
69,Test User 1601 ,PE,फिर koi batti  jalaata है
70,Test User 1601 ,PE,माँ दरवाजे पर खड़ee है
71,Test User 1601 ,PE,kya huaa mere bacche
72,Test User 1601 ,PE,क्या तुमne मुझे बुलाya
73,Test User 1601 ,PE,माँ पूछतee है
74,Test User 1601 ,PE,मैं बाघ की ओर ishaara karta hun 
75,Test User 1601 ,PE,माँ jhukti hai aur और baagh को बिस्तर से बाहर निकालtee hai 
76,Test User 1601 ,PE,"अरे , यह कोई बाघ नहीं है"
77,Test User 1601 ,PE,यह मेरa मोटa पीलe और काले rang kaa sweater है
78,Test User 1601 ,PE,इसके बटन एक बाघ की aankhon ki तरह चमकte हैं
79,Test User 1601 ,PE,main khamakha hi dar gaya 
80,Test User 1601 ,PE,माँ mere liye paani laati है
81,Test User 1601 ,PE,अब मैं सो जाऊंगा
82,Test User 1601 ,PE,और जंगल में असली बाघ के बारे में सपनe dekhna
83,Test User 1601 ,PE,"priya … khair , आप जानते हैं कि आप कौन हैं"
84,Test User 1601 ,PE,और  aisa nahin hai ki aap iss chitthhi ko kabhi bhi dekhenge
85,Test User 1601 ,PE,teacher ne मुझे बताया कि मुझे आपका संरक्षक बनना है और आपko school dikhaana hai kyunki आप एक नयye chhatra hain 
86,Test User 1601 ,PE,"मैं नहीं जानता था कि एक परामर्शदाता kaun है , तो मैं ne शब्दकोश में dekha "
87,Test User 1601 ,PE,"वैसे भी , उसने मुझे उस बारे में कुछ नहीं बताया"
88,Test User 1601 ,PE,"अली और rahm और sumi और रानी , वे मुझसे poochhte रहे जब हम स्कूल से घर waapas जा रहे थे"
89,Test User 1601 ,PE,"मैंने उनसे कहा कि मैं नहीं जानता था कि वे क्या बात कर रहे हैं , लेकिन यह सच नहीं है"
90,Test User 1601 ,PE,mujhe kaise pata nahin hoga 
91,Test User 1601 ,PE,"देखो , तुमने mujhe मेरे मित्रों se झूठ bolne par majboor kiya"
92,Test User 1601 ,PE,"आपका shubhchintak , मैं , फिर से namaste  , माँ कहतee है कि लोगों को ghoorna अच्छा नहीं है , लेकिन मैं देखta hun ki हर व्यक्ति tumhe ghoorta hai"
93,Test User 1601 ,PE, वे मुझे भी ghoorte हैं क्योंकि मुझे aapke आसपास  aur aapke saath रहना padta है आपका संरक्षक bankar 
94,Test User 1601 ,PE,tum हमारे स्कूल में क्यों आए
95,Test User 1601 ,PE,"tum jis bhi भी स्कूल mein pehle जा rahe the, wahan phir se kyun jaaoge"
96,Test User 1601 ,PE,क्या tum जानते ho ki कल क्या हुआ tha
97,Test User 1601 ,PE,"school chhootne ke baad raham  , अली और unke kaksha 7 ke  दो aur दोस्तों ne mujhe kone mein pakad liya aur usee cheez ke baare mein poochha"
98,Test User 1601 ,PE,उन्होंने मेरे बैग le लिया और use वापस नहीं de rahe the 
99,Test User 1601 ,PE,फिर उन्होंने उसे sadak के किनारे jhaadiyon mein  फेंक दिया और मुझे use prapt karne ke liye पहाड़ee se neeche ghisatkar jaana pada 
100,Test User 1601 ,PE,मैंने अपनी कमीज़ phhad di और माँ mujhse naraaz ho gai 
101,Test User 1601 ,PE,यह सब आपका दोष है
102,Test User 1601 ,PE,"namaskaar , मैं उन्हें कहta rehta हूँ कि वे जो कुछ bhi aapse जानना चाहते हैं wo aapse poochh सकते हैं"
103,Test User 1601 ,PE,मुझसेpoochhne का क्या Matlab ?
104,Test User 1601 ,PE,मुझे kaise पता कि क्या आप ke paas यह क्यों है या phir ye कैसे काम करता है
105,Test User 1601 ,PE,"imaandaari se kahun to , aisa nahin hai ki main utsuk nahin hun yaa phir mere paas bhi wahi sawaal nahin hai jo doosare mujhse poochte hain . "
106,Test User 1601 ,PE,"हाँ , मैंने pehle din hee dekh liyaa था जब tum कक्षा में आये the"
107,Test User 1601 ,PE,मैंने देखा कि कैसे आपने sab kuchh एक हाथ se hee किया और कैसे aapke bayan haath hila bhi nahin 
108,Test User 1601 ,PE,पहले to मैं यह samajh नहीं payaa कि समस्या क्या थी
109,Test User 1601 ,PE,"फिर जब मैं नजदीक आया तो मैंने देखा कि कुछ to alag tha , kuchh sahi saa nahi lag raha tha "
110,Test User 1601 ,PE,"wah kuchh ajeeb saa dikh raha tha , mano uspar ek plastic ki parat chadhi ho "
111,Test User 1601 ,PE,phir maine socha ki ye ek haath jaisa khilona hai
112,Test User 1601 ,PE,मुझे कुछ समय laga samajhne mein 
113,Test User 1601 ,PE,"भी , मैंने देखा कि भोजन में क्या हुआ"
114,Test User 1601 ,PE,phir milte hain . main 
115,Test User 1601 ,BL,mere parivaar mein meri pasandeeda vyakti meri daadi hai 
116,Test User 1601 ,BL,wah mere liye swaadisht laddoo banaati hain 
117,Test User 1601 ,BL,unke laddoo bade aur mulaayam hote hain aur unke upar chhota sa kaju laga hota hai 
118,Test User 1601 ,BL,meri daadi mujhe kitaben padhne mein bhi madad kartee hai 
119,Test User 1601 ,BL,daadi bahut bhaadur bhi hai 
120,Test User 1601 ,BL,wah makdiyon se nahin dartee
121,Test User 1601 ,BL,wo haath mein akhbaar lekar unhe bhagaa deti hai 
122,Test User 1601 ,BL,mujhe apnee daadi ki madad karna achha lagta hai 
123,Test User 1601 ,BL,wo mujhe apne bachpan ke dilchasp kisse sunaati hai jab main unkee matar cheelne mein madad karti hun 
124,Test User 1601 ,BL,jo peela sweater unhonen mere liye buna tha wo mera pasandeeda sweater hai 
125,Test User 1601 ,BL,main apni daadi se pyaar kartee hun 
126,Test User 1601 ,BL,"wah vaastav mein sabse achhi hai 
"
127,Test User 1601 ,BL,"dakshin bhaarat ke ek chhote se pahadi shahar mein, ek chhoti si ladki rehtee thi jiska naam maya tha.
"
128,Test User 1601 ,BL,"wo apni maa ke saath ek jhopdi mein rehti thee
"
129,Test User 1601 ,BL,"uska ghar khoob unche aur bade padeon se ghira hua tha , jinhe aapne shayad hi kabhi dekha ho . "
130,Test User 1601 ,BL,"dhundh ke dinon mein, paudhon aur pedon ki pattiyon mein aapki kalpana se bhi badi  os ki boonden hoti hain.
"
131,Test User 1601 ,BL,maya apne naam ki tarah hee furteeli thi. 
132,Test User 1601 ,BL,wah apne doston ke saath antheen junglon mein bebaak ghoomti thi. 
133,Test User 1601 ,BL,use roz subah gehree saansen lena bahut achha lagta tha kyunki hawa mein alg alg tarah ki sagandhen behtee theen
134,Test User 1601 ,BL,kabhi - kabhi use ek meethi meethi sugandh aati thi
135,Test User 1601 ,BL,anya samay mein wah ek tez gandh hoti thi.
136,Test User 1601 ,BL,"phir kuchh aise bhi din the jab wo sirf ek chit prichit guldaste ko soogh paati thi.
"
137,Test User 1601 ,BL,un manmohak taaza sugandhon ke saath jagnaa maya ke din ki suruaatko aur bhi behtar banaa deta tha.
138,Test User 1601 ,BL,aur wahan raham naam kaa ek totaa tha jo roz subah gaanv mein udkar aataa tha.phir maya ki jhopdi le saamne waale ped par baith jaata tha aur use saare gaanv ki mazedaar khabaren sunaata tha.
139,Test User 1601 ,BL,"wah use apnee door desh ki udaanon aur wahan rehne waale logon ke baare mein bhi bataata tha.
"
140,Test User 1601 ,BL,maya ko raham kee kahaniyan sunna behadd pasand tha.
141,Test User 1601 ,BL,wo in jagahon par jaane aur alag alag nazaare dekhne ke liye taras gayee. 
142,Test User 1601 ,BL,jab raham bolta to uska dil bahut tez dhadakta aur zoron se bhaagne lagta.lekin ye sab hamesha ek gehree aah ke saath khatam ho jaata.
143,Test User 1601 ,BL,use apne door desh jaane ke sapne dekhna band karna pada jabki wo us moorkhtaapoorna bindu par kabhi gayi bhi nahin thi.
144,Test User 1601 ,BL,gaanv ke har vyakti ne us moorkhtapoorna bindu ke baare mein baat karee
145,Test User 1601 ,BL,aas-paas ke gaavon ke kuchh log wahan gaye the par uske apne gaanv kaa koi nahin tha 
146,Test User 1601 ,BL,sabhi kee baton se yeh ek rahasyamay jagah ki tarah lag raha tha jo ki jeevan ke sabse mazedaar anubhav kaa vaada karta hai 
147,Test User 1601 ,BL,"maya ka ye manna tha ki agar use kabhi mauka mila moorkhtaapoorna bindu par jaane ka to wo apne chhote se gaanv mein waapas lautegi aur sabhi ko iska varnan karegi
"
148,Test User 1601 ,BL,"wo is rahasyamayee jagah ke baare mein sabko batati thee
"
149,Test User 801 ,MT,मेरे परिवार में सबसे प्रिय मुझे मेरी दादी हैं 
150,Test User 801 ,MT,वह मेरे लिए स्वादिष्ट लड्डू बनाती है 
151,Test User 801 ,MT,उनके बनाये लड्डू बड़े और नर्म होते हैं और उनके ऊपर एक काजू लगा होता हैं । 
152,Test User 801 ,MT,मेरी दादी मुझे नई किताबें पढ़ने में भी मदद करती हैं । 
153,Test User 801 ,MT,दादी बहुत बहादुर है 
154,Test User 801 ,MT,उन्हें मकड़ी से डर नहीं लगता हैं । 
155,Test User 801 ,MT,हाथ में पकड़े अखबार से दूर कर देती हैं  हैं । 
156,Test User 801 ,MT,मुझे अपनी दादी की मदद करना पसंद है 
157,Test User 801 ,MT,"वह मुझे अपने बचपन से रोचक कहानियां कहती है , जब मैं मटर छीलने में उनकी मदद करता हूँ 
"
158,Test User 801 ,MT,उनका बुना पीला स्वेटर मेरा सबसे पसंदीदा हैं 
159,Test User 801 ,MT,मैं अपनी दादी से प्यार करता हूँ 
160,Test User 801 ,MT,वह सच में सर्वश्रेष्ठ है 
161,Test User 801 ,PE,प्रिय... आप अच्छी तरह जानते हो की आप कौन हो 
162,Test User 801 ,PE,और ऐसा भी नहीं हैं की आप कभी इस पत्र को देखेंगी 
163,Test User 801 ,PE,मुझे बताया गया है कि मुझे आपका संरक्षक बनना है और आपको आसपास सब दिखाना हैं क्योंकि आप नयी छात्रा हैं 
164,Test User 801 ,PE,"मैं नहीं जानता था कि एक परामर्शदाता क्या है , मैंने शब्दकोष में देखा "
165,Test User 801 ,PE,"वैसे भी , उसने मुझे उस बारे में कुछ नहीं बताया"
166,Test User 801 ,PE,"अली और रहम और सुमि और रानी  , वे मुझसे पूछ रहे थे जब हम स्कूल से घर जा रहे थे"
167,Test User 801 ,PE,"मैंने उनसे कहा कि मैं नहीं जानता था कि वे क्या बात कर रहे हैं , लेकिन यह सच नहीं है"
168,Test User 801 ,PE,मैं कैसे नहीं जानता
169,Test User 801 ,PE,आपके लिए मैंने दोस्तों से झूठ बोला
170,Test User 801 ,PE,"देखिये मैं हूँ, फिरसे , अच्छा माँ कहती हैं की किसी को घूरना अच्छी बात नहीं हैं, पर मैं देख सकता हूँ की यहाँ हर कोई आपको घूरता हैं  "
171,Test User 801 ,PE,वे मुझे भी घूरते हैं क्योंकि मुझे आपके आसपास रहना है और आपका संरक्षण करना है
172,Test User 801 ,PE,आप हमारे स्कूल में क्यों आए
173,Test User 801 ,PE,आप जिस स्कूल में पहले जाते थे अब क्यों नहीं जाते 
174,Test User 801 ,PE,क्या आप जानते हैं कल क्या हुआ
175,Test User 801 ,PE,"स्कूल में सातवीं कक्षा में पढ़ने वाले रहम, अली और उनके कुछ दोस्तों ने मुझे घेर लिया और आपके बारे में पूछने लगे "
176,Test User 801 ,PE,उन्होंने मेरे बैग लिया और वापस नहीं दिया
177,Test User 801 ,PE,फिर उन्होंने सड़क के किनारे झाड़ियों में उसे फेंक दिया और मुझे उसे लाने के लिए पहाड़ी की तरफ से उतरना पड़ा 
178,Test User 801 ,PE,मैंने अपनी कमीज काट दी तो माँ मुझसे नाराज़ हो गयी 
179,Test User 801 ,PE,यह सब आपका दोष है
180,Test User 801 ,PE,मैं उन्हें कहता हूँ कि वे जो कुछ जानना चाहते हैं आप कह सकते हैं
181,Test User 801 ,PE,मुझसे सवाल करने का क्या तुक है
182,Test User 801 ,PE,मुझे कैसे पता होगा आपको की ऐसा क्यों हैं और ये कैसे काम करता हैं 
183,Test User 801 ,PE,"सच कहूं तो मैं यह नहीं कह सकता की मुझे उत्सुकता नहीं हुई, मेरे मन में भी वो सब सवाल उठे जो सब जानना चाहते हैं "
184,Test User 801 ,PE,"हाँ , मैंने यह  देखा था जब आप पहली बार कक्षा में आये तो"
185,Test User 801 ,PE,मैंने देखा कि कैसे आपने एक हाथ के साथ सब किया है और कैसे आपके बाएं हाथ कभी हिला भी नहीं 
186,Test User 801 ,PE,पहले मैं यह नहीं बता सका कि समस्या क्या थी
187,Test User 801 ,PE,फिर जब मैं नजदीक आया तो मैंने देखा कि कुछ सही नहीं था
188,Test User 801 ,PE,"यह अजीब , जैसे यह प्लास्टिक या कुछ और से में कवर किया गया था"
189,Test User 801 ,PE,तो मैंने सोचा कि यह एक खिलोने वाला हाथ है
190,Test User 801 ,PE,मुझे समझने में कुछ समय लग गया
191,Test User 801 ,PE,"मैंने भी , देखा कि भोजन में क्या हुआ"
192,Test User 801 ,PE,"देखिये , मुझे"
193,Test User 801 ,MT,"जब मैं सुबह उठा , सूरज फिर चमक रहा था "
194,Test User 801 ,MT,मैंने चारों ओर देखा और सोचने लगा मैं कहाँ था 
195,Test User 801 ,MT,और फ़िर मुझे याद आया 
196,Test User 801 ,MT,"मैं एक नन्हा समुद्री कछुआ था  -  एक ओलिव रिडली - एक विशाल नीले संसार के बीच , जो मैंने सुना था महासागर है  "
197,Test User 801 ,MT,हर दिशा में नीला और हरा पानी था और सूरज बादलों के साथ खेल खेल रहा था 
198,Test User 801 ,MT,मैंने अपने पीछे के पैर शरीर के नीचे दबा लिए और धारा के साथ बहने लगा 
199,Test User 801 ,MT,मुझे पता नहीं था कि मैं कहाँ था 
200,Test User 801 ,MT,लेकिन जब सूर्य चमक रहा हो और आपका पेट भरा हो तो यह सब कुछ परेशान नहीं करता है । 
201,Test User 801 ,MT,सूरज की गर्मी ने मुझे नयी ऊर्जा से भर दिया 
202,Test User 801 ,MT,जैसे ही मैं यह सोचने लगा कि मैं अपना बाकी जीवन यहीं बिताऊंगा की मछलियों का एक झुण्ड वहाँ से गुज़रा  
203,Test User 801 ,MT,उनके पीछे एक बहुत बड़ा मछली थी
204,Test User 801 ,MT,मैं कह सकता था कि वह बहुत भूखी मछली है 
205,Test User 801 ,MT,"जब उसने मुझे देखा , उसकी आँखें चमक रही थीं "
206,Test User 801 ,MT,"लगता है , वह सोच रहा था , तैर कर आगे निकलने लगा और वह नुकीले दांत बसे मेरे पिच्छले पैरों के पास ही काटने को तैयार  "
207,Test User 801 ,MT,"क्षण में , मैं तेजी से तैर कर आगे निकलने लगा और वह नुकीले दांत बसे मेरे पिच्छले पैरों के पास ही काटने को तैयार  "
208,Test User 801 ,MT,बस जब मैं थकने लगा था तो मैंने एक समुद्री सवाल देखा
209,Test User 801 ,MT,एक समुद्री शैवाल सिवार कुछ नहीं हैं बस समुद्र बहते हुए कोई पुराने लकड़ी के टुकड़े पर उग रही घनी सवाल हैं जो लेहरो के साथ बहते हुए महासागर में घूम रही हैं 
210,Test User 801 ,MT,"सिवार के ऊपर और अंदर बहुत से छोटे बड़े घुमक्कड़ मौजूद हैं, कुछ इतने छोटे जो समुद्र की लहरों के साथ बहते हुए इंतज़ार करते हैं कुछ रोमांचक होने का "
211,Test User 801 ,MT,आखिर किस्मत से में सिवार पर सवार हो गया 
212,Test User 801 ,MT,मैं इस सुरक्षित जगह को कई वर्षों तक नहीं छोड़ सकता 
213,Test User 801 ,MT,सिवार पर रहते हुए ऐसा लगा मानो दुनिया की सैर पर निकले हों 
214,Test User 801 ,MT, मुझे यह बहुत पसंद आया पर जैसे मैं बढ़ा हुआ नाइन बाहरी दुनिया देखने का निश्चय किया 
215,Test User 801 ,MT,"मैंने उस स्थान के बारे में अद्भुत बातें सुनी थी जहां कई कछुए रहते थे , "
216,Test User 801 ,MT,सभी ने कहा कि रीफ महासागर का परीलोक हैं 
217,Test User 801 ,MT,"उन्होंने कहा कि यह एक सुंदर , चमकदार रंग के जानवरों से भरा हुआ है , जैसे कि प्यारी सी क्लाउन मच्छली और यहां तक की बिच्छू जैसे ज़हरीले प्राणी"
218,Test User 801 ,MT,मैं सोचने लगा की मैं वह कैसे ढूंढूंगा 
219,Test User 801 ,PE,एक सियार और खरगोश सबसे अच्छे दोस्त थे
220,Test User 801 ,PE,एक दिन सियार की पत्नी अच्छा नहीं  महसूस कर रही थी ।
221,Test User 801 ,PE,"सियार ने खरगोश को बुलाया और कहा , मेरी पत्नी को बुखार है"
222,Test User 801 ,PE,उसे कुछ भी खाने का मन नहीं हैं 
223,Test User 801 ,PE,अब वह कहती है कि वह एक केकड़ा खा सकती है
224,Test User 801 ,PE,"खरगोश ने कहा , चलो , हम उसके लिए एक केकड़ा ले आये "
225,Test User 801 ,PE,दोनों दोस्त केकड़ा ढूंढ़ने चल दिए 
226,Test User 801 ,PE,खरगोश एक दिशा में गया और सियार दूसरे में
227,Test User 801 ,PE,खरगोश ने जल्दी ही मिट्टी में एक छेद देखा
228,Test User 801 ,PE,उसने अंदर झाँका और देखा - एक मोटा केकड़ा 
229,Test User 801 ,PE,"यह ठीक है , खरगोश ने सोचा "
230,Test User 801 ,PE,"उसने छेद में अपना हाथ डाला, जो की काफी गहरा था "
231,Test User 801 ,PE,जब उसका हाथ केकड़े तक नहीं पहुंचा तो खरगोश ने अपनी पूंछ छेद में डाल दी ।
232,Test User 801 ,PE,केकड़े ने उसकी पूछ को ज़ोर से काटा और जकड़ लिया 
233,Test User 801 ,PE,बेचारा खरगोश जोर से चिल्लाया
234,Test User 801 ,PE,सियार ने उसे सुना और उसके पास भागते हुए आया ।
235,Test User 801 ,PE,"खरगोश घबरा के बोलै, बस देखते मत रहो "
236,Test User 801 ,PE,"मेरी दुम अंदर फँसी है रही है , मुझे बाहर खींच"
237,Test User 801 ,PE,सियार ने उसे कान से पकड़ लिया और अपनी सारी ताकत के साथ उसे खींचा 
238,Test User 801 ,PE,जब केकड़े ने पूछ हिलते हुए देखि तो उसने खरगोश को फिर काट दिया 
239,Test User 801 ,PE,खरगोश की दर्द के मारे चीख निकली और वह कूद पड़ा 
240,Test User 801 ,PE,उसकी पूंछ कट गई और छेद में पीछे रह गयी 
241,Test User 801 ,PE,सियार के खींचने से उसके कान बहुत लम्बे हो गए थे
242,Test User 801 ,PE,उस दिन से खरगोश कि पूछ छोटी और कान लम्बे होते हैं 
243,Test User 801 ,BL,प्यास केकारण रात को मेरी नींद खुल गयी।
244,Test User 801 ,BL,मैं पानी लाने के लिए उठा
245,Test User 801 ,BL,मैं पलंग के नीचे अपनी चप्पल ढूंढ़ने लगा 
246,Test User 801 ,BL,हे भगवान्
247,Test User 801 ,BL,मेरे पलंग के नीचे एक बाघ हैं !
248,Test User 801 ,BL,अब मैं क्या करूँ?
249,Test User 801 ,BL,क्या मैं माँ को आवाज़ दूँ?
250,Test User 801 ,BL,और अगर बाघ दहाड़ा?
251,Test User 801 ,BL,क्या मैं फिर सो जाऊं?
252,Test User 801 ,BL,पर मुझे नींद नहीं आ रही थी 
253,Test User 801 ,BL,किसी ने बत्ती जलाई 
254,Test User 801 ,BL,माँ दरवाज़े पर खड़ी थी 
255,Test User 801 ,BL,क्या हुआ बेटा?
256,Test User 801 ,BL,क्या तुमने बुलाया?
257,Test User 801 ,BL,माँ ने पूछा
258,Test User 801 ,BL,मैंने बाघ की तरफ इशारा किया
259,Test User 801 ,BL,माँ ने झुक कर पलंग के नीचे से बाघ निकाला
260,Test User 801 ,BL,"अरे, ये कोई बाघ नहीं हैं"
261,Test User 801 ,BL,ये मेरा मोटा पीला-काला स्वेटर था 
262,Test User 801 ,BL,उसके बटन बाघ की आँखों जैसे चमक रहे थे 
263,Test User 801 ,BL,मैं बेकार ही में डर गया।
264,Test User 801 ,BL,माँ मेरे लिए पानी लायी
265,Test User 801 ,BL,ओर अब मैं सोने चला 
266,Test User 801 ,BL,और जंगल में असली बाघ के सपने देख़ने।
271,Test User 801 ,BL,जब मैं उठा तो एक बार फिर सूरज चमक रहा था।
272,Test User 801 ,BL,"मैं कहाँ हूँ, सोचते हुए मैंने चारों ओर देखा "
273,Test User 801 ,BL,और फिर मुझे याद आया -
274,Test User 801 ,BL,"मैं एक नीला समुद्री कछुआ था - ओलिव रिडली, इस विशाल नीली दुनिया के बीच । मैंने सुना था की इसे महासागर कहते हैं।"
275,Test User 801 ,BL,चारो तरफ नीला हरा पानी था और धुप बादलों के साथ आँख-मिचोली खेल रही थी।
276,Test User 801 ,BL,मैंने अपने फ्लिपर्स अंदर दबाये और धारा के साथ बहता चला गया।
277,Test User 801 ,BL,मैं नहीं जानता था की मैं कहाँ हूँ?
278,Test User 801 ,BL,जब आपका पेट भरा हो और बढ़िया धुप निकली होतो ये सब बातें परेशान नहीं करती।
279,Test User 801 ,BL,सूरज की गरमाहट से मुझे नयी ताकत मिली ।
280,Test User 801 ,BL,मैंने बस सोच लिया था की अब अपना सारा जीवन यही रहूँगा की एक मछलियों का झुण्ड मेरे पास से गुज़रा।
281,Test User 801 ,BL,एक बहुत बड़ी मछली उनका पीछा कर रही थी ।
282,Test User 801 ,BL,उसे देखते ही मुझे यकीन हो गया की यह एक बहुत भूखी मच्छली हैं 
283,Test User 801 ,BL,मुझे देखते ही उसकी आँखें चमकने लगी।
284,Test User 801 ,BL,शायद वह सोच रहा थे - वाह नन्हे कछुए क शोरबा !
285,Test User 801 ,BL,"थोड़ी ही देर में मैं तेज़ी से तैर कर आगे बढ़ा, उन बड़े नुकीले दांतो से बचते हुए जो मेरे पीछे के पाँव बस काटने ही वाले थे ।"
286,Test User 801 ,BL,"और जैसे ही मैं थक के चूर होने लगा, मैंने एक सिवार से भरा बेड़ा देखा। "
287,Test User 801 ,BL,एक सिवार बेड़ा बस सिवार से भरा लकड़ी का टुकड़ा हैं जो महासागर में धारा के साथ बहते बहते इधर उधर घूम रहा हैं।
288,Test User 801 ,BL,"बेड़े पर कई सारे घुमक्कड़ भी हैं। छोटे बड़े सभी महासागर में बहते जीव जंतु कुछ होने का इंतज़ार करते हुए।

"
289,Test User 801 ,BL,"बेड़े पर चढ़ के मैंने उपरवाले को धन्यवाद दिया 

"
290,Test User 801 ,BL,"मैं इस सुरक्षित स्थान को बहुत सालों तक छोड़ के नहीं जाने वाला था।

"
291,Test User 801 ,BL,"बेड़े पर जीवन ऐसा था मानो दुनिया की सैर।

"
292,Test User 801 ,BL,"मुझे सुनकर मज़ा तो बहुत आता था और जैसे ही मैं थोड़ा
बड़ा हुआ मैंने बेड़े के बाहर की दुनिया देखने का निश्चय किया।

"
293,Test User 801 ,BL,"मैंने उस रीफ के बारे में बहुत सी मज़ेदार बातें सुनी हैं , जहां कछुए रहते हैं।

"
294,Test User 801 ,BL,"सबने कहाँ वह चट्टान (reef), समुद्र के अंदर मानो परियों का देश हो।

"
295,Test User 801 ,BL,"

उन्होंने कहा था की वह बहुत ही खूबसूरत जगह है जहां तरह तरह के छोटे-बड़े,रंग-बिरंगे जीव जंतु पाए जाते हैं। कुछ नन्हे प्यारे से जैसे क्लाउन मच्छली और कुछ ज़हरीले खतरनाक जैसे बिच्छू।

"
296,Test User 801 ,BL,"मैं सोच रहा था की मैं उस जगह को कैसे ढूंढूंगा।

"
304,Test User 1001 ,PE,
305,Test User 1001 ,PE,
306,Test User 1001 ,PE,
307,Test User 1001 ,PE,
308,Test User 1001 ,PE,
309,Test User 1001 ,PE,
310,Test User 1001 ,PE,
311,Test User 1001 ,PE,
312,Test User 1001 ,PE,
313,Test User 1001 ,PE,
314,Test User 1001 ,PE,
315,Test User 1001 ,PE,
316,Test User 1001 ,PE,
317,Test User 1001 ,PE,
318,Test User 1001 ,PE,
319,Test User 1001 ,PE,
320,Test User 1001 ,PE,
321,Test User 1001 ,PE,
322,Test User 1001 ,PE,
323,Test User 1001 ,PE,
324,Test User 1001 ,PE,
325,Test User 1001 ,PE,
326,Test User 1001 ,PE,
327,Test User 1001 ,PE,
328,Test User 1001 ,PE,
329,Test User 1001 ,PE,
330,Test User 1001 ,BL,
331,Test User 1001 ,BL,
332,Test User 1001 ,BL,
333,Test User 1001 ,BL,
334,Test User 1001 ,BL,
335,Test User 1001 ,BL,
336,Test User 1001 ,BL,
337,Test User 1001 ,BL,
338,Test User 1001 ,BL,
339,Test User 1001 ,BL,
340,Test User 1001 ,BL,
341,Test User 1001 ,BL,
342,Test User 1001 ,BL,
343,Test User 1001 ,BL,
344,Test User 1001 ,BL,
345,Test User 1001 ,BL,
346,Test User 1001 ,BL,
347,Test User 1001 ,BL,
348,Test User 1001 ,BL,
349,Test User 1001 ,BL,
350,Test User 1001 ,BL,
351,Test User 1001 ,BL,
352,Test User 1001 ,BL,
353,Test User 1001 ,BL,
354,Test User 1001 ,BL,
355,Test User 1001 ,BL,
356,Test User 1001 ,BL,
357,Test User 1001 ,BL,
358,Test User 1001 ,BL,
359,Test User 1001 ,BL,
360,Test User 1001 ,BL,
361,Test User 1001 ,BL,
362,Test User 1001 ,BL,
363,Test User 1001 ,BL,
364,Test User 1001 ,BL,
365,Test User 1001 ,BL,
366,Test User 1001 ,BL,
367,Test User 1001 ,BL,
368,Test User 1001 ,BL,
369,Test User 1001 ,BL,
370,Test User 1001 ,BL,
371,Test User 1001 ,BL,
372,Test User 1001 ,BL,
373,Test User 1001 ,BL,
374,Test User 1001 ,BL,
375,Test User 1001 ,BL,
376,Test User 1001 ,BL,
377,Test User 1001 ,BL,
378,Test User 1001 ,BL,
379,Test User 1001 ,BL,
380,Test User 1001 ,BL,
381,Test User 1001 ,BL,
382,Test User 1001 ,BL,
383,Test User 1001 ,BL,
384,Test User 1001 ,BL,
385,Test User 1001 ,BL,
386,Test User 1101 ,PE,
387,Test User 1101 ,PE,
388,Test User 1101 ,PE,
389,Test User 1101 ,PE,
390,Test User 1101 ,PE,
391,Test User 1101 ,PE,
392,Test User 1101 ,PE,
393,Test User 1101 ,PE,
394,Test User 1101 ,PE,
395,Test User 1101 ,PE,
396,Test User 1101 ,PE,
397,Test User 1101 ,PE,
398,Test User 1101 ,PE,
399,Test User 1101 ,PE,
400,Test User 1101 ,PE,
401,Test User 1101 ,PE,
402,Test User 1101 ,PE,
403,Test User 1101 ,PE,
404,Test User 1101 ,PE,
405,Test User 1101 ,PE,
406,Test User 1101 ,PE,
407,Test User 1101 ,PE,
408,Test User 1101 ,MT,
409,Test User 1101 ,MT,
410,Test User 1101 ,MT,
411,Test User 1101 ,MT,
412,Test User 1101 ,MT,
413,Test User 1101 ,MT,
414,Test User 1101 ,MT,
415,Test User 1101 ,MT,
416,Test User 1101 ,MT,
417,Test User 1101 ,MT,
418,Test User 1101 ,MT,
419,Test User 1101 ,MT,
420,Test User 1101 ,MT,
421,Test User 1101 ,MT,
422,Test User 1101 ,MT,
423,Test User 1101 ,MT,
424,Test User 1101 ,MT,
425,Test User 1101 ,MT,
426,Test User 1101 ,MT,
427,Test User 1101 ,MT,
428,Test User 1101 ,MT,
429,Test User 1101 ,MT,
430,Test User 1101 ,MT,
431,Test User 1101 ,MT,
432,Test User 1101 ,MT,
433,Test User 1101 ,MT,
434,Test User 1101 ,MT,
435,Test User 1101 ,MT,
436,Test User 1101 ,MT,
437,Test User 1101 ,MT,
438,Test User 1101 ,MT,
439,Test User 1101 ,MT,
440,Test User 1101 ,MT,
441,Test User 1101 ,MT,
442,Test User 1101 ,MT,
443,Test User 1101 ,MT,
444,Test User 1101 ,MT,
445,Test User 1101 ,MT,
446,Test User 1101 ,MT,
447,Test User 1101 ,MT,
448,Test User 1101 ,MT,
449,Test User 1101 ,MT,
450,Test User 1101 ,MT,
451,Test User 1101 ,MT,
452,Test User 1101 ,MT,
453,Test User 1101 ,MT,
454,Test User 1101 ,MT,
455,Test User 1101 ,MT,
456,Test User 1101 ,MT,
457,Test User 1101 ,MT,
458,Test User 1101 ,MT,
459,Test User 1101 ,MT,
460,Test User 1101 ,MT,
461,Test User 1101 ,MT,
462,Test User 1101 ,MT,
463,Test User 1101 ,MT,
464,Test User 1401 ,MT,दक्षिणी भारत के कुछ छोटे गाँव में एक छोटी सी लड़की रहती थी जिसका नाम माया था । 
465,Test User 1401 ,MT,वह अपनी माँ के साथ एक झोपड़ी में रहती थी 
466,Test User 1401 ,MT,उसका घर सबसे बड़े और घने पेड़ों से घिरा हुआ था जो आपने कभी देखा नहीं होगा 
467,Test User 1401 ,MT,"धुंध के दिनों में, पौधों और पेड़ों की पत्तियों में सबसे बड़ी ओस की बूंदें होती हैं जिनकी आप  कल्पना भी नहीं कर सकते हैं "
468,Test User 1401 ,MT,माया का जैसा नाम था वैसा उसका चलन 
469,Test User 1401 ,MT,वह अपने दोस्तों के साथ अपने गाँव के आसपास के बड़े जंगलों में घूमती थी । 
470,Test User 1401 ,MT,हर सुबह उसे गहरी साँस लेना बहुत पसंद था क्योंकि हर सुबह हवा मे तरह तरह की खुश्बू आती 
471,Test User 1401 ,MT,"कभी-कभी उसे एक मीठी, मीठी खुश्बू आती "
472,Test User 1401 ,MT,कई बार वह एक मजबूत और तेज खुशबू थी 
473,Test User 1401 ,MT,और वह भी कई दिन थे जब वह गुल्दॉस्तों की खुश्बुओं के साथ उठती 
474,Test User 1401 ,MT,रोज़ इन खुशबुओं के साथ उठना माया को बहुत पसंद था।
475,Test User 1401 ,MT,"और वहाँ रहम तोता , हर रोज़ सुबह उड़ कर आता, और हर सुबह उस पेड़ परबैठता जो माया के घर के सामने था, और उसे जंगल की पूरी खबर सुनाता।"
476,Test User 1401 ,MT,वह अपनी उड़ानों के बारे में भी बताता था और उन जगहों के लोगों के बारे में भी बताता 
477,Test User 1401 ,MT,माया को रहम की कहानियां सुनना पसंद करती थी । 
478,Test User 1401 ,MT,वह इन जगह पर जाने और अपनी अलग-अलग जगहों को देखने के लिए तरस गयी थी 
479,Test User 1401 ,MT,"उसका दिल ज़ोर से धड़कता और इतने जोर से जीतने रहम बात करता , लेकिन यह हमेशा एक गहरी सांस के साथ खत्म करता ."
480,Test User 1401 ,MT,उसे दूर दराज की जगहों की कल्पना करना बंद करना पड़ेगा जब वह कभी भी senseless point नहीं गयी थी .
481,Test User 1401 ,MT,गाँव में सब लोग बेसूध जगह की बात करते थे 
482,Test User 1401 ,MT,पड़ोसी गांवों से कुछ लोग वहाँ गये थे लेकिन उसके अपने गांव से कोई भी नहीं .
483,Test User 1401 ,MT,"चारों ओर के बातों से , यह एक रहस्यमय जगह की तरह लगता था जो जीवन के एक अनोखे अनुभव कराती है "
484,Test User 1401 ,MT,माया को यह विश्वास था कि यदि उसको कभी बेसूध होना हो तो वह अपने गाँव लौट आएगी 
485,Test User 1401 ,MT,वह सब से इस रहस्यमय जगह के बारे में बताती रहती थी।
486,Test User 1401 ,PE,एक सियार और खरगोश सबसे अच्छे दोस्त थे।
487,Test User 1401 ,PE,एक दिन सियार की पत्नी अच्छी तरह महसूस नहीं कर रही थी ।
488,Test User 1401 ,PE,"सियार ने खरगोश को बुलाया और कहा , मेरी पत्नी को बुखार है।"
489,Test User 1401 ,PE,उसे कुछ और खाने की इच्छा नहीं हो रही।
490,Test User 1401 ,PE,अब वह कहती है कि वह एक केंकड़ा खा सकती है।
491,Test User 1401 ,PE,"खरगोश ने कहा , चलो , हम उसके लिए एक केंकड़ा ले कर आते हैं।"
492,Test User 1401 ,PE,दोनों दोस्त एक केंकड़े की तलाश में निकल पड़े।
493,Test User 1401 ,PE,खरगोश एक दिशा में गया और सियार दूसरे में।
494,Test User 1401 ,PE,खरगोश ने जल्दी ही मिट्टी में एक छेद देखा।
495,Test User 1401 ,PE,"उसने झाँककर देखा , वहाँ एक मोटा केंकडा बैठा था।"
496,Test User 1401 ,PE,"यह ठीक है , ख़रगोश ने  सोचा।"
497,Test User 1401 ,PE,उसने अपना हाथ ध्यान से मांद में डाला जो काफी गहरा था।
498,Test User 1401 ,PE,जब उसका हाथ केंकड़े तक नहीं पहुंचा तो खरगोश ने अपनी पूंछ मांद में डाल दी ।
499,Test User 1401 ,PE,केंकड़े ने उसकी पूँछ ज़ोर से काटी और कस कर पकड़ कर रखा।
500,Test User 1401 ,PE,बेचारा खरगोश जोर से चिल्लाया।
501,Test User 1401 ,PE,सियार ने उसे सुना और उसके पास दौड़ा आया ।
502,Test User 1401 ,PE,"खरगोश ने आह भरी, सिर्फ़ मुझे देखते मत रहो।"
503,Test User 1401 ,PE,"मेरी दुम अंदर रह गयी है , मुझे बाहर खींचो।"
504,Test User 1401 ,PE,सियार ने उसे कान से पकड़ लिया और अपनी सारी ताक़त के साथ खींचा।
505,Test User 1401 ,PE,"पूँछ  को फिर से हिलते देख, केंकड़े ने उसे फिर से ज़ोर से काटा।"
506,Test User 1401 ,PE,खरगोश दर्द में ज़ोर से कूद गया।
507,Test User 1401 ,PE,उसकी पूंछ कट गई और मानद में पीछे रह गयी ।
508,Test User 1401 ,PE,सियार के खींचने के बाद उसके कान बहुत बहुत लम्बे हो गये थे।
509,Test User 1401 ,PE,बस उस दिन से खरगोश के कान छोटे और पूँछ छोटी हो होगयी।
510,Test User 1401 ,MT,मेरे परिवार में मेरी प्रिय व्यक्ति मेरी दादी हैं।
511,Test User 1401 ,MT,वह मेरे लिए स्वादिष्ट लड्डू बनाती हैं।
512,Test User 1401 ,MT,उनके लड्डू बहुत बड़े और नरम होते हैं जिसके ऊपर एक छोटा - सा काजू का टुकड़ा रखती है । 
513,Test User 1401 ,MT,मेरी दादी मुझे किताबें पढ़ने में भी मदद करती है  
514,Test User 1401 ,MT,दादी बहुत बहादुर भी है । 
515,Test User 1401 ,MT,उसे मकड़ी से डर नहीं लगता । 
516,Test User 1401 ,MT,वह उन्हें एक अखबार से दूर कर देती है 
517,Test User 1401 ,MT,मुझे अपनी दादी की मदद करना पसंद है 
518,Test User 1401 ,MT,"वह मुझे अपने बचपन से दिलचस्प कहानियां सुनाती है , जब हम मटर छील रहे थे "
519,Test User 1401 ,MT,पीला स्वेटर जो उसने मेरे लिए बुना था वह मेरा पसंदीदा है 
520,Test User 1401 ,MT,मैं मेरी दादी पसंद करता हूँ 
521,Test User 1401 ,MT,वह सच में सर्वश्रेष्ठ है 
522,Test User 1401 ,PE,"जब मैं सुबह उठा, सूरज फिर चमक रहा था।"
523,Test User 1401 ,PE,"मैंने चारों ओर देखा , मैं सोचने लगा कि मैं कौन हूँ।"
524,Test User 1401 ,PE,और फिर मुझे याद आया।
525,Test User 1401 ,PE,"मैं एक नन्हा समुद्र कछुआ था - एक ऑलिव रिडली जाती - विशाल नीले विश्व के मध्य में , जो मैंने किसी को कहते सुना था कि उसका नाम है महासागर।"
526,Test User 1401 ,PE,हर दिशा में नीला और हरा पानी था और सूर्य बादल के साथ खेल खेल रहा था।
527,Test User 1401 ,PE,"मैं अपने शरीर के नीचे अपनी पंखों को मोड़ा, थोड़ी देर तक बहता रहा, जिस तरफ़ समुद्र का बहाव ले जाता।"
528,Test User 1401 ,PE,मुझे पता नहीं था कि मैं कहाँ था।
529,Test User 1401 ,PE,किन्तु जब सूर्य चमकता है और पेट भी भरा हो तब यह सब कुछ मतलब नहीं रखतीं।
530,Test User 1401 ,PE,"सूरज ने मुझे गरमाहत दी  , और मुझे नई ऊर्जा के साथ भरा दिया।"
531,Test User 1401 ,PE,जैसे ही मैं यह सोचने लगा कि मैं अपने जीवन के बाकी दिन यहाँ बिताना पसंद करूँगा तभी मछलियों का एक समूह मेरे पास से गया।
532,Test User 1401 ,PE,उनका पीछा करने वाली एक बड़ी मछली थी।
533,Test User 1401 ,PE,मैं कह सकता था कि वह बहुत भूख वाली मछली थी।
534,Test User 1401 ,PE,"जब उसने मुझे देखा , उसकी आँखें चमक रही थीं।"
535,Test User 1401 ,PE,"म्म्म, वह सोच रहा होगा, छोटे कच्छुए का शोरबा।"
536,Test User 1401 ,PE,"क्षण के बाद , मैं तेजी से तैर रहा था,  मैं उन बड़े दांतों के ग़ुस्से से बचने के लिए जो मेरे पंखों की तरफ़ बड़ रहा था।"
537,Test User 1401 ,PE,"जब मैं थकने लगा, तो मैंने एक समुद्री शनिवार  का बाड़ देखा।"
538,Test User 1401 ,PE,"बाड़ एक समुद्री शैवाल का हिस्सा है बस इतना है ,एक तैरता हुआ लकड़ी का टुकड़ा है , जो कि महासागर के चारों ओर यात्रा करता है , और समुद्री बहाव के साथ चलता है।"
539,Test User 1401 ,PE,"बाड़ के अंदर और उसके ऊपर, समुद्र के सभी छोटे - बड़े प्राणी हैं , जो समुद्र के चारों ओर होते हैं , जो किसी चीज की प्रतीक्षा करते हैं ।"
540,Test User 1401 ,PE,"आभारी हो कर  , मैं बाड़ पर छड़ गया।"
541,Test User 1401 ,PE,मैं इस सुरक्षित आश्रय को कई सालोन तक नहीं छोड़ने वाला था।
542,Test User 1401 ,PE,बाड़ पर रहना एक विश्व क्रूज़ पर होने के बराबर था।
543,Test User 1401 ,PE,"मुझे यह बहुत अच्छा लगता था , लेकिन जैसा कि मैं बढ़ गया था , मैंने तय किया था बड़े पैमाने पर बाड़ की बाहर की दुनिया की खोज करने के लिए समय था।"
544,Test User 1401 ,PE,मैंने एक ऐसे स्थान के बारे में अद्भुत बातें सुनी थीं जिन्हें एक बहुत सारे कछुए रहते थे।
545,Test User 1401 ,PE,सभी ने कहा कि प्रवालभित्ति महासागर का परलोक था।
546,Test User 1401 ,PE,"उन्होंने कहा कि यह एक सुंदर , चमकदार रंग के जानवरों से भरा हुआ था, दोनों हीं जैसे आहानिकारक क्लाउन मछली तथा हानिकारक बिच्छु मछली।"
547,Test User 1401 ,PE,मुझे आश्चर्य हुआ कि मैंने उसे कैसे ढूँढा?
548,Test User 1401 ,BL,आधी रात को मैं प्यासा उठता हूँ।
549,Test User 1401 ,BL,मुझे थोड़ा पानी चाहिए।
550,Test User 1401 ,BL,बिस्तर के नीचे मैं अपने चप्पलों को ढूँढता हूँ।
551,Test User 1401 ,BL,ओह भगवान!
552,Test User 1401 ,BL,मेरे बिस्तर के नीचे एक बाघ है।
553,Test User 1401 ,BL,अब मुझे क्या karna चाहिए?
554,Test User 1401 ,BL,माँ को बुलाना चाहिए क्या?
555,Test User 1401 ,BL,अगर फिर से बाघ ने दहाड़ लगायी तो?
556,Test User 1401 ,BL,फिर भी क्या मैं फिर से सोने चले जाउन ?
557,Test User 1401 ,BL,पर मुझे अब नींद नहीं आ रही।
558,Test User 1401 ,BL,फिर किसी ने बत्ती जलायी।
559,Test User 1401 ,BL,माँ दरवाज़े पर खड़ी है।
560,Test User 1401 ,BL,बच्चे क्या हुआ?
561,Test User 1401 ,BL,क्या तुमने मुझे बुलाया।
562,Test User 1401 ,BL,माँ पूछती है।
563,Test User 1401 ,BL,मैंने बाघ की ओर इशारा किया।
564,Test User 1401 ,BL,माना झुककर बिस्तर के नीचे से बाघ को खींचती हैं।
565,Test User 1401 ,BL,अरी यह कोई बाघ नहीं है।
566,Test User 1401 ,BL,यह मेरी पीली और काली स्वेटर है।
567,Test User 1401 ,BL,उसके बटन बाघ के आँखों तरह चमक रहे थे।
568,Test User 1401 ,BL,मैं बिना किसी वजह के ही डर गया था।
569,Test User 1401 ,BL,माँ मेरे लिया पानी लाती है।
570,Test User 1401 ,BL,अब मैं सोऊँगा।
571,Test User 1401 ,BL,और सच के जंगलों और बाघों के बारे में सपने देखो।
572,Test User 1401 ,BL,प्रिय.... ख़ैर तुम जानती हो तुम कौन हो।
573,Test User 1401 ,BL,और ऐसा नहीं है कि तुम यह पत्र कभी नहीं देखने वाली हो।
574,Test User 1401 ,BL,"अध्यापिका ने कहा कि तुम यहाँ नयी हो, इस लिए मुझे तुम्हारा ख़्याल रखना होगा और इस जगह को दिखाना होगा।"
575,Test User 1401 ,BL,"मुझे मार्गदर्शक का मतलब नहीं पता था, तो मैंने शब्दकोश में देखा।"
576,Test User 1401 ,BL,"ख़ैर, उसने मुझे इस बारे में कुछ नहीं बताया।"
577,Test User 1401 ,BL,"अली, रहम, सुमी और रानी पाठशाला से घर लौटते समय मुझ से बार बार पूछ रहे थे।"
578,Test User 1401 ,BL,"मैंने उनसे कहा कि मुझे नहीं पता कि वे किस बारे में बात कर रहे थे, पर यह तो सच नहीं है।"
579,Test User 1401 ,BL,मुझे कैसे पता नहीं होगा?
580,Test User 1401 ,BL,"देखो, तुम्हारी वजह से मुझे अपने दोस्तों के सामने झूठ बोलना पड़ा।"
581,Test User 1401 ,BL,"तुम्हारी सच्चाई, मैं ही फिर से, माँ कहती हैं कि दूसरों को घूरना अच्छी बात नहीं है, पर मैं देख सकता हूँ कि सब तुम्हें ही घूर रहे हैं।"
582,Test User 1401 ,BL,"वे मुझे भी घूरते हैं, क्यों मुझे तुम्हारे साथ रहना पड़ता है मार्गदर्शक बनकर।"
583,Test User 1401 ,BL,तुम हमारी पाठशाला क्यों आयी?
584,Test User 1401 ,BL,जिस पाठशाला में तुम पहले जाती थी तुम वहीं क्यों जा रही हो?
585,Test User 1401 ,BL,जानते हो कल क्या हुआ ?
586,Test User 1401 ,BL,"राहम, अली और उसके कक्षा के दो अन्य साथियों ने मुझे पाठशाला ख़त्म होने पर घेर लिया था, और जानना चाहते थे कि मैं क्या जनता हूँ।"
587,Test User 1401 ,BL,उन्होंने मेरा बस्ता फेंक दिया और  मुझे  वापस नहीं दे रहे थे।
588,Test User 1401 ,BL,फिर उन्होंने उसे सड़क के पास वाले झाड़ियों के बीच फेंक दिया और मुझे पहाड़ की तरफ़ से सरकते हगे जा कर लाना पड़ा।
589,Test User 1401 ,BL,मैंने अपनी क़मीज़ फाड़ ली थी और माँ मुझ पर ग़ुस्सा थीं।
590,Test User 1401 ,BL,यह सब तुम्हारी ग़लती है।
591,Test User 1401 ,BL,"हेलो मैं, सबसे मैंने यह कह रखा है कि उन्हें जो कुछ पूछना हो तुमसे सीधे पूँछे।"
592,Test User 1401 ,BL,मुझसे सवाल करने का मतलब?
593,Test User 1401 ,BL,मुझे कैसे पता रहेगा की तुम्हारे पास वह चीज़ क्यों है या वह कैसे काम करती है।
594,Test User 1401 ,BL,"सच कहूँ तो में यह नहीं कह सकता की में जिज्ञासु नहीं हूँ, मेरे मन में भी वही सवाल हैं जो सब मुझसे पूछते हैं।"
595,Test User 1401 ,BL,"हाँ, जब तुम कक्षा में पहले दिन आयी थी मैंने उसी दिन देखा था।"
596,Test User 1401 ,BL,मैंने देखा किस तरह तुम सारे काम दाहिने हाथ से करती हो और तुम्हारा बायाँ हाथ कभी नहीं हिलता।
597,Test User 1401 ,BL,पहले मुझे समझ में नहीं आया की समस्या क्या है।
598,Test User 1401 ,BL,"फिर जब मैं पास आया तो, कुछ ठीक नहीं लग रहा था।"
599,Test User 1401 ,BL,"बड़ा अजीब लगा, जैसे वह प्लास्टिक या ऐसी किसी चीज़ से ढका हो।"
600,Test User 1401 ,BL,फिर लगा कि वह खिलोने वाला हाथ है।
601,Test User 1401 ,BL,मुझे समझने में कुछ वक़्त लगा।
602,Test User 1401 ,BL,"और, मैंने देखा खाने के समय पर जो हुआ।"
603,Test User 1401 ,BL," मिलते हैं, मैंने कहा"
